Player,Position,Age,Matches Played,Starts,Minutes Played,No of 90 minutes played,Goals,Assists,Non-Penalty Goals,Penalty Goals,Penalty Kicks Attempted,Yellow Card,Red Card,Goals per 90 minutes,Assists per 90 minutes,G+A per 90 minutes,Non-Penalty Goals per 90 minutes,Non-Penalty G+A per 90 minutes,Team,,,,,,
Alex Meret,GK,23,1,0,14,0.2,0,0,0,0,0,0,0,0,0,0,0,0,Italy,,,,,,
Salvatore Sirigu,GK,34,4,4,346,3.8,0,0,0,0,0,0,0,0,0,0,0,0,Italy,,,,,,
Gianluigi Donnarumma,GK,21,4,4,357,4,0,0,0,0,0,1,0,0,0,0,0,0,Italy,,,,,,
Leonardo Spinazzola,DF,27,1,1,90,1,0,0,0,0,0,0,0,0,0,0,0,0,Italy,,,,,,
Francesco Acerbi,DF,32,3,3,270,3,1,0,1,0,0,0,0,0.33,0,0.33,0.33,0.33,Italy,,,,,,
Leonardo Bonucci,DF,33,8,7,611,6.8,1,3,1,0,0,1,0,0.15,0.44,0.59,0.15,0.59,Italy,,,,,,
Giorgio Chiellini,DF,36,2,2,180,2,0,0,0,0,0,0,0,0,0,0,0,0,Italy,,,,,,
Giovanni Di Lorenzo,DF,27,2,2,180,2,0,1,0,0,0,0,0,0,0.5,0.5,0,0.5,Italy,,,,,,
Leonardo Spinazzola,DF,27,1,1,90,1,0,0,0,0,0,0,0,0,0,0,0,0,Italy,,,,,,
Giovanni Di Lorenzo,DF,27,2,2,180,2,0,1,0,0,0,0,0,0,0.5,0.5,0,0.5,Italy,,,,,,
Emerson Palmieri,DF,26,5,5,344,3.8,0,2,0,0,0,0,0,0,0.52,0.52,0,0.52,Italy,,,,,,
Bryan Cristante,MF,25,1,1,90,1,0,1,0,0,0,0,0,0,1,1,0,1,Italy,,,,,,
Stefano Sensi,MF,25,2,1,112,1.2,0,0,0,0,0,0,0,0,0,0,0,0,Italy,,,,,,
Marco Verratti,MF,28,5,5,440,4.9,1,0,1,0,0,2,0,0.2,0,0.2,0.2,0.2,Italy,,,,,,
Nicolò Barella,MF,23,7,7,559,6.2,2,2,2,0,0,1,0,0.32,0.32,0.64,0.32,0.64,Italy,,,,,,
Jorginho,MF,29,7,7,630,7,3,1,0,3,3,2,0,0.43,0.14,0.57,0,0.14,Italy,,,,,,
Lorenzo Pellegrini,FW,24,3,1,130,1.4,1,0,1,0,0,0,0,0.69,0,0.69,0.69,0.69,Italy,,,,,,
Ciro Immobile,FW,30,3,3,243,2.7,3,1,3,0,0,0,0,1.11,0.37,1.48,1.11,1.48,Italy,,,,,,
Lorenzo Insigne,FW,29,4,4,355,3.9,3,1,3,0,0,0,0,0.76,0.25,1.01,0.76,1.01,Italy,,,,,,
Federico Bernardeschi,FW,26,7,4,386,4.3,2,1,2,0,0,1,0,0.47,0.23,0.7,0.47,0.7,Italy,,,,,,
Andrea Belotti,FW,27,7,4,391,4.3,5,2,5,0,0,0,0,1.15,0.46,1.61,1.15,1.61,Italy,,,,,,
Federico Chiesa,FW,23,6,5,394,4.4,1,3,1,0,0,0,0,0.23,0.69,0.91,0.23,0.91,Italy,,,,,,
Altay Bay?nd?r,GK,22,0,0,,,,,,,,,,,,,,,Turkey,,,,,,
U?urcan Çak?r,GK,24,1,1,90,1,0,0,0,0,0,0,0,0,0,0,0,0,Turkey,,,,,,
Mert Günok,GK,31,7,7,630,7,0,0,0,0,0,0,0,0,0,0,0,0,Turkey,,,,,,
Mert Müldür,DF,21,0,0,,,,,,,,,,,,,,,Turkey,,,,,,
Y?ld?r?m Mert Çetin,DF,24,1,0,11,0.1,0,0,0,0,0,0,0,0,0,0,0,0,Turkey,,,,,,
Ozan Kabak,DF,20,1,1,90,1,0,0,0,0,0,0,0,0,0,0,0,0,Turkey,,,,,,
Ça?lar Söyüncü,DF,24,4,3,315,3.5,0,0,0,0,0,1,0,0,0,0,0,0,Turkey,,,,,,
Umut Mera?,DF,25,5,5,420,4.7,0,0,0,0,0,0,0,0,0,0,0,0,Turkey,,,,,,
Kaan Ayhan,DF,26,7,5,447,5,2,0,2,0,0,3,0,0.4,0,0.4,0.4,0.4,Turkey,,,,,,
Zeki Çelik,DF,23,7,7,591,6.6,0,0,0,0,0,2,0,0,0,0,0,0,Turkey,,,,,,
Merih Demiral,DF,22,8,8,709,7.9,0,1,0,0,0,2,0,0,0.13,0.13,0,0.13,Turkey,,,,,,
Güven Yalç?n,MF,22,2,1,51,0.6,0,0,0,0,0,0,0,0,0,0,0,0,Turkey,,,,,,
Okay Yoku?lu,MF,26,2,2,135,1.5,0,0,0,0,0,1,0,0,0,0,0,0,Turkey,,,,,,
Yusuf Yaz?c?,MF,24,7,2,263,2.9,1,1,1,0,0,1,0,0.34,0.34,0.68,0.34,0.68,Turkey,,,,,,
Dorukhan Toköz,MF,24,3,3,259,2.9,1,2,1,0,0,1,0,0.35,0.69,1.04,0.35,1.04,Turkey,,,,,,
?rfan Kahveci,MF,25,6,5,425,4.7,0,1,0,0,0,1,0,0,0.21,0.21,0,0.21,Turkey,,,,,,
Ozan Tufan,MF,25,8,6,560,6.2,1,0,1,0,0,2,0,0.16,0,0.16,0.16,0.16,Turkey,,,,,,
Hakan Çalhano?lu,"MF,FW",26,7,5,470,5.2,0,2,0,0,0,0,0,0,0.38,0.38,0,0.38,Turkey,,,,,,
Kenan Karaman,MF,26,5,4,339,3.8,0,0,0,0,0,1,0,0,0,0,0,0,Turkey,,,,,,
Cengiz Ünder,"MF,FW",23,2,2,164,1.8,1,0,1,0,0,0,0,0.55,0,0.55,0.55,0.55,Turkey,,,,,,
Enes Ünal,FW,23,1,1,90,1,2,0,1,1,1,0,0,2,0,2,1,1,Turkey,,,,,,
Burak Y?lmaz,FW,35,5,5,450,5,0,0,0,0,0,1,0,0,0,0,0,0,Turkey,,,,,,
Abdülkadir Ömür,MF,21,2,0,29,0.3,0,0,0,0,0,0,0,0,0,0,0,0,Turkey,,,,,,
Jonas Omlin,GK,27,0,0,,,,,,,,,,,,,,,Switzerland,,,,,,
Yvon Mvogo,GK,26,0,0,,,,,,,,,,,,,,,Switzerland,,,,,,
Yann Sommer,GK,32,7,7,630,7,0,0,0,0,0,0,0,0,0,0,0,0,Switzerland,,,,,,
Eray Cömert,DF,22,1,0,26,0.3,0,0,0,0,0,0,0,0,0,0,0,0,Switzerland,,,,,,
Fabian Schär,DF,29,5,5,450,5,1,1,1,0,0,1,0,0.2,0.2,0.4,0.2,0.4,Switzerland,,,,,,
Manuel Akanji,DF,25,6,6,514,5.7,0,0,0,0,0,1,0,0,0,0,0,0,Switzerland,,,,,,
Nico Elvedi,DF,24,6,6,540,6,0,0,0,0,0,1,0,0,0,0,0,0,Switzerland,,,,,,
Silvan Widmer,"DF,MF",27,0,0,,,,,,,,,,,,,,,Switzerland,,,,,,
Loris Benito,"MF,DF",29,2,2,154,1.7,1,2,1,0,0,0,0,0.58,1.17,1.75,0.58,1.75,Switzerland,,,,,,
Ricardo Rodríguez,"MF,DF",28,7,7,627,7,1,0,1,0,1,2,0,0.14,0,0.14,0.14,0.14,Switzerland,,,,,,
Kevin Mbabu,MF,25,2,1,112,1.2,0,0,0,0,0,1,0,0,0,0,0,0,Switzerland,,,,,,
Djibril Sow,MF,23,3,0,39,0.4,0,0,0,0,0,0,0,0,0,0,0,0,Switzerland,,,,,,
Steven Zuber,MF,29,1,1,90,1,1,0,1,0,0,0,0,1,0,1,1,1,Switzerland,,,,,,
Remo Freuler,MF,28,4,2,207,2.3,0,0,0,0,0,0,0,0,0,0,0,0,Switzerland,,,,,,
Edimilson Fernandes,MF,24,4,2,237,2.6,0,0,0,0,0,0,0,0,0,0,0,0,Switzerland,,,,,,
Denis Zakaria,MF,24,7,7,599,6.7,2,1,2,0,0,1,0,0.3,0.15,0.45,0.3,0.45,Switzerland,,,,,,
Granit Xhaka,MF,28,7,7,613,6.8,1,1,1,0,0,2,0,0.15,0.15,0.29,0.15,0.29,Switzerland,,,,,,
Ruben Vargas,"MF,FW",22,3,2,178,2,1,1,1,0,0,0,0,0.51,0.51,1.01,0.51,1.01,Switzerland,,,,,,
Breel Embolo,"MF,FW",23,5,5,399,4.4,0,2,0,0,0,0,0,0,0.45,0.45,0,0.45,Switzerland,,,,,,
Mario Gavranovi?,FW,31,2,1,95,1.1,1,0,1,0,0,0,0,0.95,0,0.95,0.95,0.95,Switzerland,,,,,,
Christian Fassnacht,FW,27,2,1,103,1.1,1,1,1,0,0,0,0,0.87,0.87,1.75,0.87,1.75,Switzerland,,,,,,
Admir Mehmedi,FW,29,4,3,200,2.2,1,2,1,0,0,0,0,0.45,0.9,1.35,0.45,1.35,Switzerland,,,,,,
Haris Seferovi?,FW,28,3,3,270,3,1,0,1,0,0,0,0,0.33,0,0.33,0.33,0.33,Switzerland,,,,,,
Danny Ward,GK,27,0,0,,,,,,,,,,,,,,,Wales,,,,,,
Adam Davies,GK,28,0,0,,,,,,,,,,,,,,,Wales,,,,,,
Wayne Hennessey,GK,34,8,8,720,8,0,0,0,0,0,0,0,0,0,0,0,0,Wales,,,,,,
Chris Gunter,DF,31,1,1,90,1,0,0,0,0,0,1,0,0,0,0,0,0,Wales,,,,,,
Joe Rodon,DF,23,3,3,270,3,0,0,0,0,0,0,0,0,0,0,0,0,Wales,,,,,,
James Lawrence,DF,28,3,3,270,3,0,0,0,0,0,1,0,0,0,0,0,0,Wales,,,,,,
Chris Mepham,DF,23,5,5,450,5,0,0,0,0,0,1,0,0,0,0,0,0,Wales,,,,,,
Connor Roberts,DF,25,7,7,630,7,0,0,0,0,0,0,0,0,0,0,0,0,Wales,,,,,,
Ben Davies,DF,27,8,7,641,7.1,0,1,0,0,0,1,0,0,0.14,0.14,0,0.14,Wales,,,,,,
Dylan Levitt,MF,20,0,0,,,,,,,,,,,,,,,Wales,,,,,,
Aaron Ramsey,MF,30,2,1,121,1.3,2,0,2,0,0,0,0,1.49,0,1.49,1.49,1.49,Wales,,,,,,
David Brooks,MF,23,3,2,157,1.7,1,0,1,0,0,1,0,0.57,0,0.57,0.57,0.57,Wales,,,,,,
Jonny Williams,MF,27,3,2,160,1.8,0,0,0,0,0,1,0,0,0,0,0,0,Wales,,,,,,
Matthew Smith,MF,21,3,2,191,2.1,0,0,0,0,0,0,0,0,0,0,0,0,Wales,,,,,,
Joe Morrell,MF,24,4,2,213,2.4,0,0,0,0,0,1,0,0,0,0,0,0,Wales,,,,,,
Harry Wilson,MF,23,8,4,397,4.4,1,1,1,0,0,1,0,0.23,0.23,0.45,0.23,0.45,Wales,,,,,,
Ethan Ampadu,MF,20,7,5,385,4.3,0,0,0,0,0,2,0,0,0,0,0,0,Wales,,,,,,
Joe Allen,MF,30,7,7,630,7,0,0,0,0,0,3,0,0,0,0,0,0,Wales,,,,,,
Daniel James,MF,23,8,8,680,7.6,1,1,1,0,0,3,0,0.13,0.13,0.26,0.13,0.26,Wales,,,,,,
Gareth Bale,"MF,FW",31,8,8,686,7.6,2,1,2,0,0,2,0,0.26,0.13,0.39,0.26,0.39,Wales,,,,,,
Tyler Roberts,"FW,MF",22,2,0,36,0.4,0,0,0,0,0,0,0,0,0,0,0,0,Wales,,,,,,
Kieffer Moore,FW,28,4,4,355,3.9,2,1,2,0,0,1,0,0.51,0.25,0.76,0.51,0.76,Wales,,,,,,
Andrey Lunyov,GK,29,0,0,,,,,,,,,,,,,,,Russia,,,,,,
Anton Shunin,GK,34,1,1,90,1,0,0,0,0,0,0,0,0,0,0,0,0,Russia,,,,,,
Vyacheslav Karavayev,DF,25,1,0,53,0.6,0,0,0,0,0,1,0,0,0,0,0,0,Russia,,,,,,
Mário Fernandes,DF,30,6,6,540,6,1,1,1,0,0,0,0,0.17,0.17,0.33,0.17,0.33,Russia,,,,,,
Fyodor Kudryashov,DF,33,7,6,576,6.4,1,1,1,0,0,1,0,0.16,0.16,0.31,0.16,0.31,Russia,,,,,,
Andrei Semyonov,DF,31,7,7,630,7,0,0,0,0,0,0,0,0,0,0,0,0,Russia,,,,,,
Georgi Dzhikiya,DF,27,8,8,720,8,1,0,1,0,0,0,0,0.12,0,0.12,0.12,0.12,Russia,,,,,,
Vladislav Ignatyev,"DF,FW",34,0,0,,,,,,,,,,,,,,,Russia,,,,,,
Daniil Fomin,MF,23,0,0,,,,,,,,,,,,,,,Russia,,,,,,
Dmitri Barinov,MF,24,4,1,147,1.6,0,0,0,0,0,1,0,0,0,0,0,0,Russia,,,,,,
Daler Kuzyaev,MF,28,3,1,149,1.7,1,0,1,0,0,0,0,0.6,0,0.6,0.6,0.6,Russia,,,,,,
Magomed Ozdoyev,MF,28,8,8,688,7.6,2,1,2,0,0,1,0,0.26,0.13,0.39,0.26,0.39,Russia,,,,,,
Aleksei Miranchuk,"MF,FW",25,4,3,241,2.7,1,0,1,0,0,0,0,0.37,0,0.37,0.37,0.37,Russia,,,,,,
Aleksandr Golovin,"MF,FW",24,7,6,570,6.3,2,4,2,0,0,1,0,0.32,0.63,0.95,0.32,0.95,Russia,,,,,,
Aleksandr Sobolev,FW,23,0,0,,,,,,,,,,,,,,,Russia,,,,,,
Denis Cheryshev,FW,30,3,2,169,1.9,2,2,2,0,0,0,0,1.07,1.07,2.13,1.07,2.13,Russia,,,,,,
Artem Dzyuba,FW,32,8,8,706,7.8,8,4,7,1,2,0,0,1.02,0.51,1.53,0.89,1.4,Russia,,,,,,
Matz Sels,GK,28,0,0,,,,,,,,,,,,,,,Belgium,,,,,,
Simon Mignolet,GK,32,1,1,90,1,0,0,0,0,0,0,0,0,0,0,0,0,Belgium,,,,,,
Thibaut Courtois,GK,28,7,7,630,7,0,0,0,0,0,0,0,0,0,0,0,0,Belgium,,,,,,
Dedryck Boyata,DF,30,1,1,90,1,0,0,0,0,0,0,0,0,0,0,0,0,Belgium,,,,,,
Jason Denayer,DF,25,3,2,204,2.3,0,0,0,0,0,0,0,0,0,0,0,0,Belgium,,,,,,
Thomas Vermaelen,DF,35,6,4,349,3.9,1,0,1,0,0,1,0,0.26,0,0.26,0.26,0.26,Belgium,,,,,,
Jan Vertonghen,DF,33,6,6,540,6,0,0,0,0,0,0,0,0,0,0,0,0,Belgium,,,,,,
Toby Alderweireld,DF,31,8,8,720,8,2,0,2,0,0,0,0,0.25,0,0.25,0.25,0.25,Belgium,,,,,,
Leander Dendoncker,MF,25,1,1,90,1,0,0,0,0,0,0,0,0,0,0,0,0,Belgium,,,,,,
Timothy Castagne,MF,25,3,3,270,3,2,1,2,0,0,0,0,0.67,0.33,1,0.67,1,Belgium,,,,,,
Thomas Meunier,MF,29,4,4,359,4,1,0,1,0,0,0,0,0.25,0,0.25,0.25,0.25,Belgium,,,,,,
Yannick Carrasco,MF,27,6,2,236,2.6,1,4,1,0,0,0,0,0.38,1.53,1.91,0.38,1.91,Belgium,,,,,,
Axel Witsel,MF,32,4,4,360,4,0,0,0,0,0,1,0,0,0,0,0,0,Belgium,,,,,,
Thorgan Hazard,MF,27,5,5,449,5,1,0,1,0,0,0,0,0.2,0,0.2,0.2,0.2,Belgium,,,,,,
Youri Tielemans,MF,23,7,5,495,5.5,1,1,1,0,0,0,0,0.18,0.18,0.36,0.18,0.36,Belgium,,,,,,
Kevin De Bruyne,"MF,FW",29,6,6,478,5.3,4,7,4,0,0,1,0,0.75,1.32,2.07,0.75,2.07,Belgium,,,,,,
Dennis Praet,MF,26,3,1,128,1.4,0,1,0,0,0,0,0,0,0.7,0.7,0,0.7,Belgium,,,,,,
Nacer Chadli,MF,31,3,2,201,2.2,2,1,2,0,0,0,0,0.9,0.45,1.34,0.9,1.34,Belgium,,,,,,
Dries Mertens,"FW,MF",33,7,5,419,4.7,2,3,2,0,0,1,0,0.43,0.64,1.07,0.43,1.07,Belgium,,,,,,
Eden Hazard,"FW,MF",30,6,6,485,5.4,2,7,2,0,0,0,0,0.37,1.3,1.67,0.37,1.67,Belgium,,,,,,
Christian Benteke,FW,30,3,1,107,1.2,3,0,3,0,0,0,0,2.52,0,2.52,2.52,2.52,Belgium,,,,,,
Michy Batshuayi,FW,27,4,2,200,2.2,3,0,2,1,1,1,0,1.35,0,1.35,0.9,0.9,Belgium,,,,,,
Romelu Lukaku,FW,27,5,5,402,4.5,7,3,7,0,0,0,0,1.57,0.67,2.24,1.57,2.24,Belgium,,,,,,
Kasper Schmeichel,GK,34,7,7,630,7,0,0,0,0,0,1,0,0,0,0,0,0,Denmark,,,,,,
Frederik Rønnow,GK,28,0,0,,,,,,,,,,,,,,,Denmark,,,,,,
Joachim Andersen,DF,24,0,0,,,,,,,,,,,,,,,Denmark,,,,,,
Daniel Wass,DF,31,3,2,209,2.3,0,1,0,0,0,0,0,0,0.43,0.43,0,0.43,Denmark,,,,,,
Andreas Christensen,DF,24,7,5,466,5.2,0,0,0,0,0,0,0,0,0,0,0,0,Denmark,,,,,,
Simon Kjær,DF,31,7,7,547,6.1,0,2,0,0,0,1,0,0,0.33,0.33,0,0.33,Denmark,,,,,,
Henrik Dalsgaard,DF,31,4,4,360,4,0,1,0,0,0,1,0,0,0.25,0.25,0,0.25,Denmark,,,,,,
Christian Nørgaard,MF,26,0,0,,,,,,,,,,,,,,,Denmark,,,,,,
Anders Christiansen,MF,30,0,0,,,,,,,,,,,,,,,Denmark,,,,,,
Pierre Højbjerg,MF,25,7,3,412,4.6,1,0,1,0,0,0,0,0.22,0,0.22,0.22,0.22,Denmark,,,,,,
Thomas Delaney,MF,29,7,7,538,6,1,0,1,0,0,0,0,0.17,0,0.17,0.17,0.17,Denmark,,,,,,
Christian Eriksen,"MF,FW",28,7,7,630,7,5,3,2,3,3,0,0,0.71,0.43,1.14,0.29,0.71,Denmark,,,,,,
Jens Stryger Larsen,DF,29,7,7,606,6.7,0,1,0,0,0,0,0,0,0.15,0.15,0,0.15,Denmark,,,,,,
Robert Skov,MF,24,3,3,241,2.7,3,2,3,0,0,0,0,1.12,0.75,1.87,1.12,1.87,Denmark,,,,,,
Martin Braithwaite,"MF,FW",29,7,5,432,4.8,3,0,3,0,0,0,0,0.62,0,0.62,0.62,0.62,Denmark,,,,,,
Yussuf Poulsen,"MF,FW",26,6,6,496,5.5,2,0,2,0,0,1,0,0.36,0,0.36,0.36,0.36,Denmark,,,,,,
Andreas Cornelius,FW,27,2,2,122,1.4,0,0,0,0,0,0,0,0,0,0,0,0,Denmark,,,,,,
Kasper Dolberg,FW,23,5,2,276,3.1,2,1,2,0,0,0,0,0.65,0.33,0.98,0.65,0.98,Denmark,,,,,,
Anssi Jaakkola,GK,33,0,0,,,,,,,,,,,,,,,Finland,,,,,,
Jesse Joronen,GK,27,1,1,90,1,0,0,0,0,0,0,0,0,0,0,0,0,Finland,,,,,,
Lukáš Hrádecký,GK,31,7,7,630,7,0,0,0,0,0,0,0,0,0,0,0,0,Finland,,,,,,
Daniel O'Shaughnessy,DF,26,0,0,,,,,,,,,,,,,,,Finland,,,,,,
Leo Väisänen,DF,23,2,1,95,1.1,0,0,0,0,0,0,0,0,0,0,0,0,Finland,,,,,,
Sauli Väisänen,DF,26,4,3,331,3.7,0,0,0,0,0,1,0,0,0,0,0,0,Finland,,,,,,
Paulus Arajuuri,DF,32,6,6,479,5.3,0,0,0,0,0,1,0,0,0,0,0,0,Finland,,,,,,
Jere Uronen,DF,26,6,6,540,6,0,0,0,0,0,1,0,0,0,0,0,0,Finland,,,,,,
Thomas Lam,"DF,MF",27,1,0,32,0.4,0,0,0,0,0,0,0,0,0,0,0,0,Finland,,,,,,
Sauli Väisänen,DF,26,4,3,331,3.7,0,0,0,0,0,1,0,0,0,0,0,0,Finland,,,,,,
Rasmus Schüller,MF,29,6,2,204,2.3,0,1,0,0,0,1,0,0,0.44,0.44,0,0.44,Finland,,,,,,
Pyry Soiri,MF,26,7,3,280,3.1,0,0,0,0,0,0,0,0,0,0,0,0,Finland,,,,,,
Tim Sparv,MF,33,5,5,380,4.2,0,0,0,0,0,1,0,0,0,0,0,0,Finland,,,,,,
Glen Kamara,MF,25,8,8,716,8,0,0,0,0,0,1,0,0,0,0,0,0,Finland,,,,,,
Fredrik Jensen,FW,23,3,1,70,0.8,1,0,1,0,0,0,0,1.29,0,1.29,1.29,1.29,Finland,,,,,,
Lassi Lappalainen,MF,22,4,3,235,2.6,0,1,0,0,0,0,0,0,0.38,0.38,0,0.38,Finland,,,,,,
Joel Pohjanpalo,FW,26,2,0,83,0.9,1,1,1,0,0,0,0,1.08,1.08,2.17,1.08,2.17,Finland,,,,,,
Teemu Pukki,FW,30,8,8,707,7.9,10,0,7,3,3,1,0,1.27,0,1.27,0.89,0.89,Finland,,,,,,
Andriy Lunin,GK,21,0,0,,,,,,,,,,,,,,,Ukraine,,,,,,
Eduard Sobol,DF,25,2,1,93,1,0,0,0,0,0,0,0,0,0,0,0,0,Ukraine,,,,,,
Oleksandr Karavayev,DF,28,4,4,360,4,0,2,0,0,0,1,0,0,0.5,0.5,0,0.5,Ukraine,,,,,,
Vitaliy Mykolenko,DF,21,5,5,449,5,0,1,0,0,0,2,0,0,0.2,0.2,0,0.2,Ukraine,,,,,,
Mykola Matviyenko,DF,24,6,6,540,6,0,0,0,0,0,1,0,0,0,0,0,0,Ukraine,,,,,,
Serhiy Kryvtsov,DF,29,6,6,540,6,0,0,0,0,0,0,0,0,0,0,0,0,Ukraine,,,,,,
Mykola Shaparenko,MF,22,0,0,,,,,,,,,,,,,,,Ukraine,,,,,,
Vitaliy Buyalskyi,MF,28,0,0,,,,,,,,,,,,,,,Ukraine,,,,,,
Volodymyr Shepelyev,MF,23,2,0,33,0.4,0,0,0,0,0,0,0,0,0,0,0,0,Ukraine,,,,,,
Serhiy Sydorchuk,MF,29,2,1,108,1.2,0,0,0,0,0,0,0,0,0,0,0,0,Ukraine,,,,,,
Viktor Kovalenko,MF,24,4,1,120,1.3,0,0,0,0,0,1,0,0,0,0,0,0,Ukraine,,,,,,
Yevhen Konoplyanka,MF,31,4,2,214,2.4,2,0,2,0,0,0,0,0.84,0,0.84,0.84,0.84,Ukraine,,,,,,
Viktor Tsyhankov,MF,23,5,3,310,3.4,2,1,2,0,0,0,0,0.58,0.29,0.87,0.58,0.87,Ukraine,,,,,,
Oleksandr Zinchenko,MF,24,5,5,450,5,1,0,1,0,0,2,0,0.2,0,0.2,0.2,0.2,Ukraine,,,,,,
Ruslan Malinovskyi,MF,27,6,6,526,5.8,3,3,3,0,0,0,0,0.51,0.51,1.03,0.51,1.03,Ukraine,,,,,,
Andriy Yarmolenko,"FW,MF",31,4,4,303,3.4,1,1,1,0,0,1,0,0.3,0.3,0.59,0.3,0.59,Ukraine,,,,,,
Taras Stepanenko,MF,31,5,5,394,4.4,0,0,0,0,0,3,1,0,0,0,0,0,Ukraine,,,,,,
Roman Yaremchuk,"FW,MF",25,5,5,382,4.2,4,1,4,0,0,1,0,0.94,0.24,1.18,0.94,1.18,Ukraine,,,,,,
Artem Besyedin,FW,24,1,0,14,0.2,1,0,1,0,0,0,0,6.43,0,6.43,6.43,6.43,Ukraine,,,,,,
Damjan Šiškovski,GK,25,0,0,,,,,,,,,,,,,,,NorthMacedonia,,,,,,
Stole Dimitrievski,GK,27,10,10,900,10,0,0,0,0,0,1,0,0,0,0,0,0,NorthMacedonia,,,,,,
Gjoko Zajkov,DF,25,4,0,75,0.8,0,0,0,0,0,1,0,0,0,0,0,0,NorthMacedonia,,,,,,
Darko Velkovski,DF,25,8,8,701,7.8,1,0,1,0,0,1,0,0.13,0,0.13,0.13,0.13,NorthMacedonia,,,,,,
Visar Musliu,DF,26,8,8,714,7.9,0,0,0,0,0,4,1,0,0,0,0,0,NorthMacedonia,,,,,,
Kire Ristevski,"DF,MF",30,7,5,526,5.8,0,0,0,0,0,0,0,0,0,0,0,0,NorthMacedonia,,,,,,
Egzon Bejtulai,"DF,MF",27,7,7,590,6.6,0,0,0,0,0,3,0,0,0,0,0,0,NorthMacedonia,,,,,,
Stefan Ristovski,"DF,MF",28,8,8,682,7.6,0,0,0,0,0,2,0,0,0,0,0,0,NorthMacedonia,,,,,,
Ezgjan Alioski,"MF,DF",28,8,8,720,8,0,1,0,0,0,2,0,0,0.12,0.12,0,0.12,NorthMacedonia,,,,,,
Tihomir Kostadinov,MF,24,4,2,190,2.1,0,0,0,0,0,1,0,0,0,0,0,0,NorthMacedonia,,,,,,
Stefan Spirovski,MF,30,6,3,313,3.5,0,0,0,0,0,1,0,0,0,0,0,0,NorthMacedonia,,,,,,
Arijan Ademi,MF,29,7,6,507,5.6,1,1,1,0,0,2,0,0.18,0.18,0.36,0.18,0.36,NorthMacedonia,,,,,,
Enis Bardhi,MF,25,7,7,622,6.9,1,2,1,0,0,3,0,0.14,0.29,0.43,0.14,0.43,NorthMacedonia,,,,,,
Boban Nikolov,MF,26,9,8,657,7.3,1,0,1,0,0,4,0,0.14,0,0.14,0.14,0.14,NorthMacedonia,,,,,,
Darko Churlinov,MF,20,0,0,,,,,,,,,,,,,,,NorthMacedonia,,,,,,
Ferhan Hasani,MF,30,2,0,31,0.3,0,0,0,0,0,0,0,0,0,0,0,0,NorthMacedonia,,,,,,
Daniel Avramovski,MF,25,2,0,41,0.5,0,0,0,0,0,0,0,0,0,0,0,0,NorthMacedonia,,,,,,
Elif Elmas,"MF,FW",21,9,9,771,8.6,2,1,2,0,0,1,0,0.23,0.12,0.35,0.23,0.35,NorthMacedonia,,,,,,
Marjan Radeski,"FW,MF",25,3,0,47,0.5,0,0,0,0,0,0,0,0,0,0,0,0,NorthMacedonia,,,,,,
Goran Pandev,"FW,MF",37,9,8,671,7.5,2,1,2,0,0,2,0,0.27,0.13,0.4,0.27,0.4,NorthMacedonia,,,,,,
Krste Velkoski,FW,32,0,0,,,,,,,,,,,,,,,NorthMacedonia,,,,,,
Ivan Tri?kovski,FW,33,4,1,128,1.4,0,0,0,0,0,0,0,0,0,0,0,0,NorthMacedonia,,,,,,
Vlatko Stojanovski,FW,23,2,1,138,1.5,1,0,1,0,0,0,0,0.65,0,0.65,0.65,0.65,NorthMacedonia,,,,,,
Stefan Ristovski,"DF,MF",28,8,8,682,7.6,0,0,0,0,0,2,0,0,0,0,0,0,NorthMacedonia,,,,,,
Jasper Cillessen,GK,31,6,6,540,6,0,0,0,0,0,0,0,0,0,0,0,0,Netherlands,,,,,,
Jasper Cillessen,GK,31,6,6,540,6,0,0,0,0,0,0,0,0,0,0,0,0,Netherlands,,,,,,
Stefan de Vrij,DF,28,0,0,,,,,,,,,,,,,,,Netherlands,,,,,,
Patrick van Aanholt,DF,30,1,1,90,1,0,0,0,0,0,0,0,0,0,0,0,0,Netherlands,,,,,,
Nathan Aké,DF,25,3,1,101,1.1,1,0,1,0,0,0,0,0.89,0,0.89,0.89,0.89,Netherlands,,,,,,
Denzel Dumfries,DF,24,2,2,134,1.5,0,0,0,0,0,0,0,0,0,0,0,0,Netherlands,,,,,,
Joël Veltman,DF,29,3,3,270,3,0,0,0,0,0,2,0,0,0,0,0,0,Netherlands,,,,,,
Daley Blind,DF,30,5,5,450,5,0,1,0,0,0,0,0,0,0.2,0.2,0,0.2,Netherlands,,,,,,
Matthijs de Ligt,DF,21,6,6,540,6,0,1,0,0,0,0,0,0,0.17,0.17,0,0.17,Netherlands,,,,,,
Donny van de Beek,MF,23,3,2,181,2,0,0,0,0,0,0,0,0,0,0,0,0,Netherlands,,,,,,
Marten de Roon,MF,29,4,3,181,2,0,0,0,0,0,2,0,0,0,0,0,0,Netherlands,,,,,,
Georginio Wijnaldum,MF,30,5,5,450,5,7,1,7,0,0,0,0,1.4,0.2,1.6,1.4,1.6,Netherlands,,,,,,
Frenkie de Jong,MF,23,6,6,504,5.6,1,1,1,0,0,1,0,0.18,0.18,0.36,0.18,0.36,Netherlands,,,,,,
Memphis Depay,"FW,MF",26,4,4,315,3.5,3,3,3,0,0,2,0,0.86,0.86,1.71,0.86,1.71,Netherlands,,,,,,
Quincy Promes,"FW,MF",29,4,4,335,3.7,0,2,0,0,0,0,0,0,0.54,0.54,0,0.54,Netherlands,,,,,,
Wout Weghorst,FW,28,1,0,28,0.3,0,0,0,0,0,0,0,0,0,0,0,0,Netherlands,,,,,,
Luuk de Jong,FW,30,5,1,146,1.6,1,0,1,0,0,0,0,0.62,0,0.62,0.62,0.62,Netherlands,,,,,,
Donyell Malen,FW,22,4,2,210,2.3,1,1,1,0,0,0,0,0.43,0.43,0.86,0.43,0.86,Netherlands,,,,,,
Pavao Pervan,GK,33,1,1,90,1,0,0,0,0,0,0,0,0,0,0,0,0,Austria,,,,,,
Alexander Schlager,GK,24,1,1,90,1,0,0,0,0,0,0,0,0,0,0,0,0,Austria,,,,,,
Philipp Lienhart,DF,24,0,0,,,,,,,,,,,,,,,Austria,,,,,,
Marco Friedl,DF,22,0,0,,,,,,,,,,,,,,,Austria,,,,,,
Christopher Trimmel,DF,33,4,1,133,1.5,0,0,0,0,0,0,0,0,0,0,0,0,Austria,,,,,,
Stefan Posch,DF,23,5,4,377,4.2,1,0,1,0,0,1,0,0.24,0,0.24,0.24,0.24,Austria,,,,,,
Stefan Lainer,DF,28,5,5,450,5,1,1,1,0,0,0,0,0.2,0.2,0.4,0.2,0.4,Austria,,,,,,
Martin Hinteregger,DF,28,6,6,540,6,1,0,1,0,0,1,0,0.17,0,0.17,0.17,0.17,Austria,,,,,,
Andreas Ulmer,DF,35,7,7,630,7,0,0,0,0,0,1,0,0,0,0,0,0,Austria,,,,,,
Aleksandar Dragovi?,DF,29,8,8,665,7.4,0,1,0,0,0,0,0,0,0.14,0.14,0,0.14,Austria,,,,,,
David Alaba,MF,28,4,4,358,4,1,0,1,0,0,0,0,0.25,0,0.25,0.25,0.25,Austria,,,,,,
Florian Grillitsch,MF,25,2,1,100,1.1,0,0,0,0,0,0,0,0,0,0,0,0,Austria,,,,,,
Xaver Schlager,MF,23,2,2,180,2,0,0,0,0,0,0,0,0,0,0,0,0,Austria,,,,,,
Stefan Ilsanker,MF,31,8,4,386,4.3,0,0,0,0,0,1,0,0,0,0,0,0,Austria,,,,,,
Julian Baumgartlinger,MF,33,6,6,479,5.3,0,0,0,0,0,1,0,0,0,0,0,0,Austria,,,,,,
Valentino Lazaro,MF,24,7,7,579,6.4,2,1,2,0,0,1,0,0.31,0.16,0.47,0.31,0.47,Austria,,,,,,
Konrad Laimer,MF,23,7,7,586,6.5,1,3,1,0,0,2,0,0.15,0.46,0.61,0.15,0.61,Austria,,,,,,
Marcel Sabitzer,MF,26,7,7,608,6.8,2,1,2,0,0,2,0,0.3,0.15,0.44,0.3,0.44,Austria,,,,,,
Karim Onisiwo,"FW,MF",28,2,0,53,0.6,0,0,0,0,0,0,0,0,0,0,0,0,Austria,,,,,,
Karim Onisiwo,"FW,MF",28,2,0,53,0.6,0,0,0,0,0,0,0,0,0,0,0,0,Austria,,,,,,
Michael Gregoritsch,FW,26,6,2,206,2.3,1,1,1,0,0,0,0,0.44,0.44,0.87,0.44,0.87,Austria,,,,,,
Marko Arnautovi?,FW,31,6,6,528,5.9,4,2,2,2,2,1,0,0.68,0.34,1.02,0.34,0.68,Austria,,,,,,
Ji?í Pavlenka,GK,28,0,0,,,,,,,,,,,,,,,CzechRepublic,,,,,,
Tomáš Vaclík,GK,31,6,6,540,6,0,0,0,0,0,0,0,0,0,0,0,0,CzechRepublic,,,,,,
Tomáš Kalas,DF,27,0,0,,,,,,,,,,,,,,,CzechRepublic,,,,,,
Vladimír Coufal,DF,28,3,3,270,3,0,0,0,0,0,0,0,0,0,0,0,0,CzechRepublic,,,,,,
Pavel Kade?ábek,DF,28,5,4,361,4,0,1,0,0,0,1,0,0,0.25,0.25,0,0.25,CzechRepublic,,,,,,
Ond?ej ?el?stka,DF,31,7,7,630,7,1,1,1,0,0,1,0,0.14,0.14,0.29,0.14,0.29,CzechRepublic,,,,,,
Jakub Brabec,DF,28,3,2,225,2.5,1,0,1,0,0,0,0,0.4,0,0.4,0.4,0.4,CzechRepublic,,,,,,
Tomáš Sou?ek,MF,25,7,7,630,7,1,0,1,0,0,2,0,0.14,0,0.14,0.14,0.14,CzechRepublic,,,,,,
Vladimír Darida,MF,30,5,5,450,5,1,0,0,1,1,0,0,0.2,0,0.2,0,0,CzechRepublic,,,,,,
Lukáš Masopust,MF,27,7,6,448,5,1,2,1,0,0,1,0,0.2,0.4,0.6,0.2,0.6,CzechRepublic,,,,,,
Alex Král,MF,22,7,7,591,6.6,1,1,1,0,0,0,0,0.15,0.15,0.3,0.15,0.3,CzechRepublic,,,,,,
Jakub Jankto,MF,25,7,7,595,6.6,1,3,1,0,0,3,0,0.15,0.45,0.61,0.15,0.61,CzechRepublic,,,,,,
Michal Sadílek,"DF,FW",21,0,0,,,,,,,,,,,,,,,CzechRepublic,,,,,,
Petr Šev?ík,MF,26,2,1,79,0.9,0,0,0,0,0,0,0,0,0,0,0,0,CzechRepublic,,,,,,
Mat?j Vydra,"FW,MF",28,0,0,,,,,,,,,,,,,,,CzechRepublic,,,,,,
Michal Krmen?ík,FW,27,3,1,91,1,0,0,0,0,0,0,0,0,0,0,0,0,CzechRepublic,,,,,,
Patrik Schick,FW,25,5,5,377,4.2,4,0,3,1,1,1,0,0.95,0,0.95,0.72,0.72,CzechRepublic,,,,,,
Dean Henderson,GK,23,0,0,,,,,,,,,,,,,,,England,,,,,,
Jordan Pickford,GK,26,5,5,450,5,0,0,0,0,0,0,0,0,0,0,0,0,England,,,,,,
John Stones,DF,26,1,1,90,1,0,0,0,0,0,0,0,0,0,0,0,0,England,,,,,,
Tyrone Mings,DF,27,2,2,180,2,0,0,0,0,0,0,0,0,0,0,0,0,England,,,,,,
Trent Alexander-Arnold,DF,22,3,3,263,2.9,0,1,0,0,0,0,0,0,0.34,0.34,0,0.34,England,,,,,,
Kieran Trippier,DF,30,3,3,270,3,0,0,0,0,0,0,0,0,0,0,0,0,England,,,,,,
Ben Chilwell,DF,24,4,4,360,4,0,3,0,0,0,0,0,0,0.75,0.75,0,0.75,England,,,,,,
Harry Maguire,DF,27,6,6,540,6,0,1,0,0,0,0,0,0,0.17,0.17,0,0.17,England,,,,,,
Mason Mount,MF,22,6,2,209,2.3,1,0,1,0,0,0,0,0.43,0,0.43,0.43,0.43,England,,,,,,
Jordan Henderson,MF,30,4,4,336,3.7,0,0,0,0,0,2,0,0,0,0,0,0,England,,,,,,
Declan Rice,MF,22,4,4,357,4,0,0,0,0,0,0,0,0,0,0,0,0,England,,,,,,
Jadon Sancho,"MF,FW",20,5,3,284,3.2,2,1,2,0,0,0,0,0.63,0.32,0.95,0.63,0.95,England,,,,,,
Raheem Sterling,"MF,FW",26,5,5,412,4.6,4,6,4,0,0,1,0,0.87,1.31,2.18,0.87,2.18,England,,,,,,
Marcus Rashford,FW,23,6,3,311,3.5,3,0,3,0,0,0,0,0.87,0,0.87,0.87,0.87,England,,,,,,
Harry Kane,FW,27,6,6,492,5.5,10,5,7,3,4,0,0,1.83,0.91,2.74,1.28,2.2,England,,,,,,
Craig Gordon,GK,38,0,0,,,,,,,,,,,,,,,Scotland,,,,,,
Jon McLaughlin,GK,33,1,1,90,1,0,0,0,0,0,0,0,0,0,0,0,0,Scotland,,,,,,
David Marshall,GK,35,9,9,870,9.7,0,0,0,0,0,0,0,0,0,0,0,0,Scotland,,,,,,
Kieran Tierney,DF,23,1,1,120,1.3,0,0,0,0,0,0,0,0,0,0,0,0,Scotland,,,,,,
Greg Taylor,DF,23,3,3,270,3,0,2,0,0,0,1,0,0,0.67,0.67,0,0.67,Scotland,,,,,,
Liam Palmer,DF,29,4,4,360,4,0,0,0,0,0,1,0,0,0,0,0,0,Scotland,,,,,,
Scott McKenna,DF,24,4,4,360,4,0,0,0,0,0,1,0,0,0,0,0,0,Scotland,,,,,,
Declan Gallagher,DF,29,4,4,420,4.7,0,0,0,0,0,2,0,0,0,0,0,0,Scotland,,,,,,
Stephen O'Donnell,"DF,MF",28,6,6,588,6.5,0,0,0,0,0,1,0,0,0,0,0,0,Scotland,,,,,,
Andrew Robertson,"DF,MF",26,7,7,690,7.7,1,0,1,0,0,0,0,0.13,0,0.13,0.13,0.13,Scotland,,,,,,
Kieran Tierney,DF,23,1,1,120,1.3,0,0,0,0,0,0,0,0,0,0,0,0,Scotland,,,,,,
Scott McTominay,"MF,DF",24,7,6,599,6.7,0,0,0,0,0,3,0,0,0,0,0,0,Scotland,,,,,,
John Fleck,MF,29,2,1,89,1,0,0,0,0,0,1,0,0,0,0,0,0,Scotland,,,,,,
Stuart Armstrong,MF,28,6,1,89,1,1,0,1,0,0,0,0,1.01,0,1.01,1.01,1.01,Scotland,,,,,,
John McGinn,MF,26,9,8,684,7.6,7,2,7,0,0,2,0,0.92,0.26,1.18,0.92,1.18,Scotland,,,,,,
Callum McGregor,MF,27,10,10,912,10.1,0,1,0,0,0,1,0,0,0.1,0.1,0,0.1,Scotland,,,,,,
James Forrest,"MF,FW",29,6,5,426,4.7,0,0,0,0,0,0,0,0,0,0,0,0,Scotland,,,,,,
Ryan Fraser,"MF,FW",26,5,3,343,3.8,0,0,0,0,0,1,0,0,0,0,0,0,Scotland,,,,,,
Ryan Christie,"MF,FW",25,7,5,484,5.4,2,2,2,0,0,0,0,0.37,0.37,0.74,0.37,0.74,Scotland,,,,,,
Simon Sluga,GK,27,0,0,,,,,,,,,,,,,,,Croatia,,,,,,
Lovre Kalini?,GK,30,0,0,,,,,,,,,,,,,,,Croatia,,,,,,
Dominik Livakovi?,GK,26,6,6,540,6,0,0,0,0,0,0,0,0,0,0,0,0,Croatia,,,,,,
Duje ?aleta-Car,DF,24,1,1,90,1,0,0,0,0,0,1,0,0,0,0,0,0,Croatia,,,,,,
Mile Škori?,MF,29,1,0,1,0,0,0,0,0,0,0,0,0,0,0,0,0,Croatia,,,,,,
Domagoj Vida,DF,31,5,5,450,5,0,0,0,0,0,3,0,0,0,0,0,0,Croatia,,,,,,
Dejan Lovren,DF,31,5,5,450,5,1,0,1,0,0,2,0,0.2,0,0.2,0.2,0.2,Croatia,,,,,,
Borna Bariši?,DF,28,6,6,540,6,0,1,0,0,0,1,0,0,0.17,0.17,0,0.17,Croatia,,,,,,
Josip Juranovi?,"DF,MF",25,0,0,,,,,,,,,,,,,,,Croatia,,,,,,
Milan Badelj,MF,31,3,0,25,0.3,0,0,0,0,0,0,0,0,0,0,0,0,Croatia,,,,,,
Mario Pašali?,MF,25,2,0,32,0.4,0,0,0,0,0,0,0,0,0,0,0,0,Croatia,,,,,,
Mateo Kova?i?,MF,26,4,2,160,1.8,0,0,0,0,0,0,0,0,0,0,0,0,Croatia,,,,,,
Nikola Vlaši?,MF,23,5,4,352,3.9,3,0,3,0,0,0,0,0.77,0,0.77,0.77,0.77,Croatia,,,,,,
Marcelo Brozovi?,MF,28,5,5,450,5,0,2,0,0,0,3,0,0,0.4,0.4,0,0.4,Croatia,,,,,,
Luka Modri?,MF,35,6,6,515,5.7,2,1,1,1,1,1,0,0.35,0.17,0.52,0.17,0.35,Croatia,,,,,,
Ante Rebi?,"MF,FW",27,5,4,324,3.6,0,1,0,0,0,1,0,0,0.28,0.28,0,0.28,Croatia,,,,,,
Ivan Periši?,"MF,FW",31,6,6,500,5.6,3,1,3,0,1,0,0,0.54,0.18,0.72,0.54,0.72,Croatia,,,,,,
Mislav Orši?,"FW,MF",28,2,0,14,0.2,0,0,0,0,0,0,0,0,0,0,0,0,Croatia,,,,,,
Andrej Kramari?,FW,29,1,1,90,1,0,0,0,0,0,0,0,0,0,0,0,0,Croatia,,,,,,
Bruno Petkovi?,FW,26,5,5,415,4.6,4,1,4,0,0,1,0,0.87,0.22,1.08,0.87,1.08,Croatia,,,,,,
Karl-Johan Johnsson,GK,31,0,0,,,,,,,,,,,,,,,Sweden,,,,,,
Kristoffer Nordfeldt,GK,31,1,1,90,1,0,0,0,0,0,0,0,0,0,0,0,0,Sweden,,,,,,
Robin Olsen,GK,31,7,7,630,7,0,0,0,0,0,0,0,0,0,0,0,0,Sweden,,,,,,
Emil Krafth,DF,26,1,0,45,0.5,0,0,0,0,0,0,0,0,0,0,0,0,Sweden,,,,,,
Marcus Danielsson,DF,31,2,2,180,2,1,1,1,0,0,0,0,0.5,0.5,1,0.5,1,Sweden,,,,,,
Ludwig Augustinsson,DF,26,2,2,180,2,0,0,0,0,0,0,0,0,0,0,0,0,Sweden,,,,,,
Pontus Jansson,DF,29,3,3,270,3,0,0,0,0,0,1,0,0,0,0,0,0,Sweden,,,,,,
Filip Helander,DF,27,3,3,270,3,0,1,0,0,0,0,0,0,0.33,0.33,0,0.33,Sweden,,,,,,
Victor Lindelöf,DF,26,4,4,360,4,1,0,1,0,0,2,0,0.25,0,0.25,0.25,0.25,Sweden,,,,,,
Andreas Granqvist,DF,35,5,5,450,5,0,0,0,0,0,0,0,0,0,0,0,0,Sweden,,,,,,
Mikael Lustig,DF,34,7,7,585,6.5,0,1,0,0,0,0,0,0,0.15,0.15,0,0.15,Sweden,,,,,,
Gustav Svensson,"DF,MF",33,5,0,92,1,0,0,0,0,0,0,0,0,0,0,0,0,Sweden,,,,,,
Ken Sema,MF,27,1,1,64,0.7,0,0,0,0,0,0,0,0,0,0,0,0,Sweden,,,,,,
Mattias Svanberg,MF,22,1,1,90,1,1,1,1,0,0,1,0,1,1,2,1,2,Sweden,,,,,,
Viktor Claesson,MF,29,2,2,116,1.3,1,0,1,0,0,0,0,0.78,0,0.78,0.78,0.78,Sweden,,,,,,
Seb Larsson,MF,35,7,6,505,5.6,2,2,0,2,2,2,0,0.36,0.36,0.71,0,0.36,Sweden,,,,,,
Albin Ekdal,MF,31,7,7,541,6,0,1,0,0,0,1,0,0,0.17,0.17,0,0.17,Sweden,,,,,,
Kristoffer Olsson,MF,25,8,7,635,7.1,0,0,0,0,0,1,0,0,0,0,0,0,Sweden,,,,,,
Dejan Kulusevski,"FW,MF",20,1,0,26,0.3,0,0,0,0,0,0,0,0,0,0,0,0,Sweden,,,,,,
Robin Quaison,"FW,MF",27,7,7,576,6.4,3,1,3,0,0,1,0,0.47,0.16,0.62,0.47,0.62,Sweden,,,,,,
Alexander Isak,FW,21,8,3,335,3.7,3,0,3,0,0,0,0,0.81,0,0.81,0.81,0.81,Sweden,,,,,,
Marcus Berg,FW,34,7,6,505,5.6,2,2,2,0,0,1,0,0.36,0.36,0.71,0.36,0.71,Sweden,,,,,,
Dušan Kuciak,GK,35,0,0,,,,,,,,,,,,,,,Slovakia,,,,,,
Marek Rodák,GK,24,2,2,240,2.7,0,0,0,0,0,1,0,0,0,0,0,0,Slovakia,,,,,,
Martin Dúbravka,GK,32,7,7,630,7,0,0,0,0,0,1,0,0,0,0,0,0,Slovakia,,,,,,
Tomáš Hubo?an,DF,35,1,1,120,1.3,0,0,0,0,0,0,0,0,0,0,0,0,Slovakia,,,,,,
?ubomír Šatka,DF,25,2,2,210,2.3,0,0,0,0,0,1,0,0,0,0,0,0,Slovakia,,,,,,
Denis Vavro,DF,24,6,6,561,6.2,0,1,0,0,0,2,0,0,0.16,0.16,0,0.16,Slovakia,,,,,,
Peter Pekarík,DF,34,7,7,689,7.7,0,0,0,0,0,0,0,0,0,0,0,0,Slovakia,,,,,,
Milan Škriniar,DF,25,8,8,750,8.3,0,0,0,0,0,1,0,0,0,0,0,0,Slovakia,,,,,,
Tomáš Suslov,MF,18,0,0,,,,,,,,,,,,,,,Slovakia,,,,,,
László Bénes,MF,23,0,0,,,,,,,,,,,,,,,Slovakia,,,,,,
Patrik Hrošovský,MF,28,3,1,188,2.1,0,0,0,0,0,0,0,0,0,0,0,0,Slovakia,,,,,,
Stanislav Lobotka,MF,26,8,8,687,7.6,1,2,1,0,0,1,0,0.13,0.26,0.39,0.13,0.39,Slovakia,,,,,,
Juraj Kucka,MF,33,9,9,783,8.7,3,1,3,0,0,1,0,0.34,0.11,0.46,0.34,0.46,Slovakia,,,,,,
Marek Hamšík,MF,33,9,9,849,9.4,3,1,3,0,0,2,0,0.32,0.11,0.42,0.32,0.42,Slovakia,,,,,,
Róbert Mak,"FW,MF",29,8,7,563,6.3,1,1,1,0,0,3,1,0.16,0.16,0.32,0.16,0.32,Slovakia,,,,,,
Matúš Bero,FW,25,1,1,90,1,0,0,0,0,0,0,0,0,0,0,0,0,Slovakia,,,,,,
Michal ?uriš,"FW,MF",32,6,0,147,1.6,1,0,1,0,0,1,0,0.61,0,0.61,0.61,0.61,Slovakia,,,,,,
Róbert Boženík,FW,21,7,5,437,4.9,3,0,3,0,0,0,0,0.62,0,0.62,0.62,0.62,Slovakia,,,,,,
?ukasz Skorupski,GK,29,0,0,,,,,,,,,,,,,,,Poland,,,,,,
Wojciech Szcz?sny,GK,30,4,4,360,4,0,0,0,0,0,0,0,0,0,0,0,0,Poland,,,,,,
?ukasz Fabia?ski,GK,35,4,4,360,4,0,0,0,0,0,0,0,0,0,0,0,0,Poland,,,,,,
Maciej Rybus,DF,31,2,1,101,1.1,0,0,0,0,0,0,0,0,0,0,0,0,Poland,,,,,,
Bartosz Bereszy?ski,DF,28,5,5,450,5,0,0,0,0,0,1,0,0,0,0,0,0,Poland,,,,,,
Tomasz K?dziora,DF,26,7,6,586,6.5,0,1,0,0,0,1,0,0,0.15,0.15,0,0.15,Poland,,,,,,
Kamil Glik,DF,32,7,7,546,6.1,0,0,0,0,0,1,0,0,0,0,0,0,Poland,,,,,,
Jan Bednarek,DF,24,8,8,720,8,0,0,0,0,0,2,0,0,0,0,0,0,Poland,,,,,,
Karol Linetty,MF,25,0,0,,,,,,,,,,,,,,,Poland,,,,,,
Kamil Jó?wiak,MF,22,1,0,5,0.1,0,0,0,0,0,0,0,0,0,0,0,0,Poland,,,,,,
Przemys?aw Frankowski,MF,25,4,2,167,1.9,1,0,1,0,0,0,0,0.54,0,0.54,0.54,0.54,Poland,,,,,,
Mateusz Klich,MF,30,6,4,326,3.6,0,0,0,0,0,2,0,0,0,0,0,0,Poland,,,,,,
Grzegorz Krychowiak,MF,31,8,8,713,7.9,1,0,1,0,0,3,0,0.13,0,0.13,0.13,0.13,Poland,,,,,,
Piotr Zieli?ski,MF,26,8,8,719,8,0,1,0,0,0,0,0,0,0.13,0.13,0,0.13,Poland,,,,,,
Arkadiusz Milik,FW,26,2,0,41,0.5,1,0,1,0,0,0,0,2.2,0,2.2,2.2,2.2,Poland,,,,,,
Robert Lewandowski,FW,32,8,7,658,7.3,5,2,4,1,1,0,0,0.68,0.27,0.96,0.55,0.82,Poland,,,,,,
David de Gea,GK,30,2,2,149,1.7,0,0,0,0,0,0,0,0,0,0,0,0,Spain,,,,,,
Pau Torres,DF,24,1,0,30,0.3,1,0,1,0,0,0,0,3,0,3,3,3,Spain,,,,,,
Diego Llorente,DF,27,3,1,126,1.4,0,0,0,0,0,0,1,0,0,0,0,0,Spain,,,,,,
Jordi Alba,DF,31,2,2,180,2,0,1,0,0,0,1,0,0,0.5,0.5,0,0.5,Spain,,,,,,
José Luis Gayà,DF,25,4,4,360,4,1,2,1,0,0,0,0,0.25,0.5,0.75,0.25,0.75,Spain,,,,,,
Thiago Alcántara,MF,29,3,3,245,2.7,0,3,0,0,0,1,0,0,1.1,1.1,0,1.1,Spain,,,,,,
Sergio Busquets,MF,32,4,4,360,4,0,2,0,0,0,2,0,0,0.5,0.5,0,0.5,Spain,,,,,,
Rodri,MF,24,6,5,463,5.1,0,0,0,0,0,1,0,0,0,0,0,0,Spain,,,,,,
Dani Olmo,"FW,MF",22,1,0,25,0.3,1,0,1,0,0,0,0,3.6,0,3.6,3.6,3.6,Spain,,,,,,
Pablo Sarabia,FW,28,3,1,128,1.4,1,0,1,0,0,0,0,0.7,0,0.7,0.7,0.7,Spain,,,,,,
Gerard Moreno,FW,28,3,3,236,2.6,3,3,3,0,0,0,0,1.14,1.14,2.29,1.14,2.29,Spain,,,,,,
Mikel Oyarzabal,FW,23,6,3,300,3.3,2,0,2,0,0,0,0,0.6,0,0.6,0.6,0.6,Spain,,,,,,
Álvaro Morata,FW,28,5,4,349,3.9,4,0,3,1,1,0,0,1.03,0,1.03,0.77,0.77,Spain,,,,,,
Rui Patrício,GK,32,6,6,540,6,0,0,0,0,0,0,0,0,0,0,0,0,Portugal,,,,,,
João Cancelo,DF,26,2,1,116,1.3,0,0,0,0,0,0,0,0,0,0,0,0,Portugal,,,,,,
Pepe,DF,37,2,2,180,2,0,0,0,0,0,1,0,0,0,0,0,0,Portugal,,,,,,
Nélson Semedo,DF,27,3,3,244,2.7,0,0,0,0,0,0,0,0,0,0,0,0,Portugal,,,,,,
José Fonte,DF,37,4,4,360,4,0,0,0,0,0,0,0,0,0,0,0,0,Portugal,,,,,,
Raphaël Guerreiro,DF,27,5,5,450,5,0,1,0,0,0,0,0,0,0.2,0.2,0,0.2,Portugal,,,,,,
Rúben Dias,DF,23,6,6,540,6,0,1,0,0,0,2,0,0,0.17,0.17,0,0.17,Portugal,,,,,,
William Carvalho,MF,28,2,2,180,2,2,0,2,0,0,1,0,1,0,1,1,1,Portugal,,,,,,
Rúben Neves,MF,23,4,2,182,2,0,0,0,0,0,0,0,0,0,0,0,0,Portugal,,,,,,
Danilo Pereira,MF,29,4,4,360,4,0,0,0,0,0,0,0,0,0,0,0,0,Portugal,,,,,,
Bruno Fernandes,MF,26,6,5,424,4.7,1,1,1,0,0,0,0,0.21,0.21,0.42,0.21,0.42,Portugal,,,,,,
Gonçalo Guedes,"MF,FW",24,4,2,140,1.6,2,0,2,0,0,0,0,1.29,0,1.29,1.29,1.29,Portugal,,,,,,
Bernardo Silva,"MF,FW",26,6,6,499,5.5,3,6,3,0,0,1,0,0.54,1.08,1.62,0.54,1.62,Portugal,,,,,,
Diogo Jota,"FW,MF",24,2,0,28,0.3,0,1,0,0,0,0,0,0,3.21,3.21,0,3.21,Portugal,,,,,,
Rafa Silva,"FW,MF",27,1,0,35,0.4,0,1,0,0,0,0,0,0,2.57,2.57,0,2.57,Portugal,,,,,,
Cristiano Ronaldo,"FW,MF",35,6,6,520,5.8,11,0,8,3,3,0,0,1.9,0,1.9,1.38,1.38,Portugal,,,,,,
André Silva,FW,25,1,1,70,0.8,0,0,0,0,0,0,0,0,0,0,0,0,Portugal,,,,,,
João Félix,FW,21,4,2,243,2.7,0,0,0,0,0,0,0,0,0,0,0,0,Portugal,,,,,,
Kevin Trapp,GK,30,0,0,,,,,,,,,,,,,,,Germany,,,,,,
Bernd Leno,GK,28,0,0,,,,,,,,,,,,,,,Germany,,,,,,
Manuel Neuer,GK,34,6,6,540,6,0,0,0,0,0,0,0,0,0,0,0,0,Germany,,,,,,
Robin Koch,DF,24,1,1,90,1,0,0,0,0,0,1,0,0,0,0,0,0,Germany,,,,,,
Marcel Halstenberg,DF,29,3,2,225,2.5,1,1,1,0,0,0,0,0.4,0.4,0.8,0.4,0.8,Germany,,,,,,
Matthias Ginter,DF,27,5,5,392,4.4,1,2,1,0,0,0,0,0.23,0.46,0.69,0.23,0.69,Germany,,,,,,
Niklas Süle,DF,25,5,5,450,5,0,0,0,0,0,0,0,0,0,0,0,0,Germany,,,,,,
Lukas Klostermann,"DF,MF",24,6,6,514,5.7,0,2,0,0,0,0,0,0,0.35,0.35,0,0.35,Germany,,,,,,
Kai Havertz,MF,21,3,1,143,1.6,0,2,0,0,0,0,0,0,1.26,1.26,0,1.26,Germany,,,,,,
Toni Kroos,MF,31,4,4,360,4,3,2,2,1,1,0,0,0.75,0.5,1.25,0.5,1,Germany,,,,,,
?lkay Gündo?an,MF,30,6,5,432,4.8,3,2,2,1,1,0,0,0.62,0.42,1.04,0.42,0.83,Germany,,,,,,
Joshua Kimmich,MF,25,7,7,630,7,0,2,0,0,0,1,0,0,0.29,0.29,0,0.29,Germany,,,,,,
Leon Goretzka,"MF,FW",25,4,3,262,2.9,4,0,4,0,0,0,0,1.37,0,1.37,1.37,1.37,Germany,,,,,,
Leroy Sané,MF,25,2,2,180,2,2,1,2,0,0,0,0,1,0.5,1.5,1,1.5,Germany,,,,,,
Serge Gnabry,"FW,MF",25,6,6,503,5.6,7,1,7,0,0,1,0,1.25,0.18,1.43,1.25,1.43,Germany,,,,,,
Timo Werner,FW,24,5,3,245,2.7,2,0,2,0,0,0,0,0.73,0,0.73,0.73,0.73,Germany,,,,,,
Péter Gulácsi,GK,30,8,8,720,8,0,0,0,0,0,0,0,0,0,0,0,0,Hungary,,,,,,
Dénes Dibusz,GK,30,0,0,,,,,,,,,,,,,,,Hungary,,,,,,
Endre Botka,DF,26,2,1,99,1.1,0,0,0,0,0,0,0,0,0,0,0,0,Hungary,,,,,,
Attila Szalai,DF,23,2,2,180,2,0,0,0,0,0,1,0,0,0,0,0,0,Hungary,,,,,,
Ádám Lang,DF,28,3,2,225,2.5,0,0,0,0,0,1,0,0,0,0,0,0,Hungary,,,,,,
Gerg? Lovrencsics,DF,32,7,6,509,5.7,0,0,0,0,0,2,0,0,0,0,0,0,Hungary,,,,,,
Willi Orban,DF,28,7,7,630,7,3,0,3,0,0,0,0,0.43,0,0.43,0.43,0.43,Hungary,,,,,,
Loïc Nego,"DF,MF",30,2,0,28,0.3,1,0,1,0,0,0,0,3.21,0,3.21,3.21,3.21,Hungary,,,,,,
András Schäfer,MF,21,0,0,,,,,,,,,,,,,,,Hungary,,,,,,
Tamás Cseri,MF,33,0,0,,,,,,,,,,,,,,,Hungary,,,,,,
Dániel Gazdag,MF,24,1,0,9,0.1,0,0,0,0,0,1,0,0,0,0,0,0,Hungary,,,,,,
Dávid Sigér,MF,30,3,1,125,1.4,0,1,0,0,0,0,0,0,0.72,0.72,0,0.72,Hungary,,,,,,
Filip Holender,MF,26,5,3,212,2.4,0,0,0,0,0,0,0,0,0,0,0,0,Hungary,,,,,,
László Kleinheisler,MF,26,4,3,231,2.6,0,1,0,0,0,3,1,0,0.39,0.39,0,0.39,Hungary,,,,,,
Roland Sallai,"MF,FW",23,6,6,517,5.7,0,0,0,0,0,0,0,0,0,0,0,0,Hungary,,,,,,
Roland Varga,"FW,MF",31,3,0,66,0.7,0,0,0,0,0,0,0,0,0,0,0,0,Hungary,,,,,,
Nemanja Nikoli?,FW,33,2,0,51,0.6,1,0,1,0,0,0,0,1.76,0,1.76,1.76,1.76,Hungary,,,,,,
Ádám Szalai,FW,33,8,8,681,7.6,0,0,0,0,0,1,0,0,0,0,0,0,Hungary,,,,,,
Mike Maignan,GK,25,0,0,,,,,,,,,,,,,,,France,,,,,,
Steve Mandanda,GK,35,4,4,360,4,0,0,0,0,0,0,0,0,0,0,0,0,France,,,,,,
Hugo Lloris,GK,34,4,4,360,4,0,0,0,0,0,0,0,0,0,0,0,0,France,,,,,,
Kurt Zouma,DF,26,1,1,90,1,1,0,1,0,0,1,0,1,0,1,1,1,France,,,,,,
Presnel Kimpembe,DF,25,1,1,90,1,0,0,0,0,0,0,0,0,0,0,0,0,France,,,,,,
Lucas Hernández,DF,24,2,2,169,1.9,0,1,0,0,0,1,0,0,0.53,0.53,0,0.53,France,,,,,,
Lucas Digne,DF,27,6,4,342,3.8,0,0,0,0,0,1,0,0,0,0,0,0,France,,,,,,
Benjamin Pavard,DF,24,6,5,453,5,0,0,0,0,0,1,0,0,0,0,0,0,France,,,,,,
Raphaël Varane,DF,27,7,7,630,7,1,1,1,0,0,0,0,0.14,0.14,0.29,0.14,0.29,France,,,,,,
Clément Lenglet,DF,25,7,7,630,7,1,0,1,0,0,1,0,0.14,0,0.14,0.14,0.14,France,,,,,,
Leo Dubois,"DF,MF",26,3,3,267,3,0,1,0,0,0,0,0,0,0.34,0.34,0,0.34,France,,,,,,
N'Golo Kanté,MF,29,1,1,90,1,0,0,0,0,0,0,0,0,0,0,0,0,France,,,,,,
Thomas Lemar,MF,25,5,1,139,1.5,0,0,0,0,0,0,0,0,0,0,0,0,France,,,,,,
Paul Pogba,MF,27,2,2,180,2,0,0,0,0,0,1,0,0,0,0,0,0,France,,,,,,
Moussa Sissoko,MF,31,6,5,477,5.3,0,0,0,0,0,0,0,0,0,0,0,0,France,,,,,,
Corentin Tolisso,MF,26,6,6,540,6,1,0,1,0,0,1,0,0.17,0,0.17,0.17,0.17,France,,,,,,
Kylian Mbappé,"MF,FW",22,3,3,270,3,1,1,1,0,0,0,0,0.33,0.33,0.67,0.33,0.67,France,,,,,,
Kingsley Coman,"MF,FW",24,6,5,465,5.2,3,0,3,0,0,1,0,0.58,0,0.58,0.58,0.58,France,,,,,,
Antoine Griezmann,"MF,FW",29,8,8,720,8,1,5,1,0,2,1,0,0.12,0.62,0.75,0.12,0.75,France,,,,,,
Wissam Ben Yedder,FW,30,6,3,278,3.1,2,0,2,0,0,0,0,0.65,0,0.65,0.65,0.65,France,,,,,,
Olivier Giroud,FW,34,8,6,526,5.8,4,0,2,2,2,1,0,0.68,0,0.68,0.34,0.34,France,,,,,,
